fixture,operation,input_bytes,iterations,mjson_us,nlohmann_us,mjson_over_nlohmann
config,parse_destroy,139,32768,1.055729,1.488632,0.709194
config,dump_ascii,139,65536,0.630762,0.485261,1.299840
records_100,parse_destroy,7607,256,131.441066,102.995086,1.276188
records_100,dump_ascii,7607,1024,47.254874,21.304967,2.218021
records_100,lookup_integer,7607,1048576,0.016793,0.011428,1.469526
records_10000,parse_destroy,859463,2,21346.822000,10622.338500,2.009616
records_10000,dump_ascii,859463,8,5448.680750,2367.701500,2.301253
records_10000,lookup_integer,859463,1048576,0.017741,0.011293,1.571009
integers_100000,parse_destroy,588891,2,17514.864000,5651.354500,3.099233
integers_100000,dump_ascii,588891,8,4109.827750,1062.437125,3.868302
floats_10000,parse_destroy,88891,64,822.474594,1114.822172,0.737763
floats_10000,dump_ascii,88891,16,2483.061438,340.187187,7.299103
unicode_1000,parse_destroy,47891,256,149.799852,233.489828,0.641569
unicode_1000,dump_ascii,47891,128,371.625719,468.219227,0.793700
unicode_1000,dump_default,47891,128,403.111242,94.700141,4.256712
